模块,年份,地区,试卷,考点,上游qid,答案,收录套卷数,题干
判断推理,2019,河北,河北省2019年度定向招录选调生考试《基本素质和能力测试》题,逻辑判断,2343335,B,1,我国社会主要矛盾已经转化为人民幸福生活需要与物质文化相对滞后之间的矛盾。 - （选项）[]
常识判断,2024,广东,2024年广东省公务员录用考试《行测》题（网友回忆版）,人文常识,16593302,A,1,对中华民族形成起决定作用的是对中华民族共同体的认同。 - （选项）[]
常识判断,2024,广东,2024年广东省公务员录用考试《行测》题（网友回忆版）,地理国情,16593307,B,1,广东省是全国光、热和水资源相对匮乏的地区。 - （选项）[]
常识判断,2024,广东,2024年广东省公务员录用考试《行测》题（网友回忆版）,人文常识,10204429,A,1,2024年3月5日，第十四届全国人民代表大会第二次会议在北京人民大会堂开幕。 - （选项）[]
常识判断,2019,河北,河北省2019年度定向招录选调生考试《基本素质和能力测试》题,地理国情,2343348,B,1,作为社会物质生活条件的地理环境，指的是直接影响生产力发展的自然条件。 - （选项）[]
常识判断,2019,河北,河北省2019年度定向招录选调生考试《基本素质和能力测试》题,人文常识,2343324,B,1,下级机关向上级机关汇报工作，反映情况，应当使用的公文文种是请示报告。 - （选项）[]
常识判断,2019,河北,河北省2019年度定向招录选调生考试《基本素质和能力测试》题,法律常识,2343333,A,1,任何组织和个人都必须照宪法和法律行使权力或权利，履行职责或义务。 - （选项）[]
常识判断,2019,河北,河北省2019年度定向招录选调生考试《基本素质和能力测试》题,人文常识,2343323,A,1,农业、农村和农民问题，始终是我国革命、建设和改革的根本问题。 - （选项）[]
常识判断,2018,天津,天津市选调2018年应届优秀大学毕业生到基层培养锻炼考试题（网友回忆版）,人文常识,2166116,B,1,2018年中央一号文件提出：加强农村专业人才队伍建设。推行乡村教师“乡管校聘”。 - （选项）[]
常识判断,2018,天津,天津市选调2018年应届优秀大学毕业生到基层培养锻炼考试题（网友回忆版）,人文常识,2166121,B,1,第24届冬季奥林匹克运动会，简称“平昌冬奥会”，于2018年2月9日-25日在平昌举行。 - （选项）[]
常识判断,2018,天津,天津市选调2018年应届优秀大学毕业生到基层培养锻炼考试题（网友回忆版）,经济常识,2166115,B,1,银行以存款、贷款等形式提供的，以货币形式为主的信用称为国家信用。 - （选项）[]
常识判断,2018,天津,天津市选调2018年应届优秀大学毕业生到基层培养锻炼考试题（网友回忆版）,地理国情,2166119,B,1,青藏高原是我国水土流失最严重和生态环境最为脆弱的地区之一。 - （选项）[]
常识判断,2018,天津,天津市选调2018年应届优秀大学毕业生到基层培养锻炼考试题（网友回忆版）,人文常识,2166108,B,1,相对地租是租种较优土地的农业资本家所获得的，归土地所有者占有的农业超额利润，是农产品的个别生产价格低于社会生产价格的差额。 - （选项）[]
常识判断,2018,天津,天津市选调2018年应届优秀大学毕业生到基层培养锻炼考试题（网友回忆版）,人文常识,2166111,B,1,公务员要按照规定的权力和程序认真履行职责，努力提高工作效率。 - （选项）[]
常识判断,2018,天津,天津市选调2018年应届优秀大学毕业生到基层培养锻炼考试题（网友回忆版）,人文常识,2166100,B,1,量变是质变的必然结果，质变是量变的必要准备。 - （选项）[]
常识判断,2018,天津,天津市选调2018年应届优秀大学毕业生到基层培养锻炼考试题（网友回忆版）,人文常识,2166110,B,1,资本主义生产过程中的价值增殖过程是指活劳动创造使用价值的过程。 - （选项）[]
常识判断,2018,天津,天津市选调2018年应届优秀大学毕业生到基层培养锻炼考试题（网友回忆版）,人文常识,2166118,A,1,5G技术主要是为通信发展提供新动力。 - （选项）[]
常识判断,2018,天津,天津市选调2018年应届优秀大学毕业生到基层培养锻炼考试题（网友回忆版）,人文常识,2166107,A,1,经济体制改革确定什么样的目标，其核心是正确选择资源的配置方式。 - （选项）[]
常识判断,2018,天津,天津市选调2018年应届优秀大学毕业生到基层培养锻炼考试题（网友回忆版）,法律常识,2166102,B,1,甲对其儿子乙说，若乙考上大学，甲将给乙买一台电脑。甲对乙的这种行为属于附义务法律行为。 - （选项）[]
常识判断,2018,天津,天津市选调2018年应届优秀大学毕业生到基层培养锻炼考试题（网友回忆版）,人文常识,2166112,B,1,根据公务员法的规定，调任是公务员交流的方式之一，是机关外与机关内人员的双方交流。 - （选项）[]
常识判断,2018,天津,天津市选调2018年应届优秀大学毕业生到基层培养锻炼考试题（网友回忆版）,人文常识,2166124,B,1,有一种观点认为，在革命战争年代应当提倡“斗争哲学”，在和平建设时期则应提倡“和谐哲学”。 - （选项）[]
常识判断,2018,天津,天津市选调2018年应届优秀大学毕业生到基层培养锻炼考试题（网友回忆版）,法律常识,2166122,B,1,新修订的《中华人民共和国反不正当竞争法》于2017年1月1日施行。 - （选项）[]
常识判断,2018,天津,天津市选调2018年应届优秀大学毕业生到基层培养锻炼考试题（网友回忆版）,人文常识,2166106,B,1,合伙制企业的合伙人对企业盈亏负完全责任，是指以合伙人的全部投资作为企业担保。 - （选项）[]
常识判断,2018,天津,天津市选调2018年应届优秀大学毕业生到基层培养锻炼考试题（网友回忆版）,人文常识,2166104,A,1,中国的政党制度是一党领导，多党合作；一党执政，多党参政。 - （选项）[]
常识判断,2018,天津,天津市选调2018年应届优秀大学毕业生到基层培养锻炼考试题（网友回忆版）,法律常识,2166101,A,1,法律上的权利是指法律所允许的权利人为了满足自己的利益而采取的、由其他人的法律义务所保证的一种资格和能力。 - （选项）[]
常识判断,2018,天津,天津市选调2018年应届优秀大学毕业生到基层培养锻炼考试题（网友回忆版）,人文常识,2166114,B,1,实现“两个一百年”奋斗目标、实现中华民族伟大复兴的中国梦，不断提高人民生活水平，必须坚定不移把改革作为党执政兴国的第一要务。 - （选项）[]
常识判断,2018,天津,天津市选调2018年应届优秀大学毕业生到基层培养锻炼考试题（网友回忆版）,人文常识,2166099,B,1,马克思主义是真理，因而可以用它来作为判断认识对错的标准。 - （选项）[]
常识判断,2018,天津,天津市选调2018年应届优秀大学毕业生到基层培养锻炼考试题（网友回忆版）,人文常识,2166105,A,1,在市场机制体系中，价格机制是核心。 - （选项）[]
常识判断,2018,天津,天津市选调2018年应届优秀大学毕业生到基层培养锻炼考试题（网友回忆版）,人文常识,2166117,A,1,2018年2月，国务院办公厅印发《关于推进社会公益事业建设领域政府信息公开的意见》。 - （选项）[]
常识判断,2018,天津,天津市选调2018年应届优秀大学毕业生到基层培养锻炼考试题（网友回忆版）,法律常识,2166103,A,1,根据我国民事法律制度的规定，16周岁以上不满18周岁、以自己的劳动收入为主要生活来源的公民，应视为完全民事行为能力人。 - （选项）[]
常识判断,2018,天津,天津市选调2018年应届优秀大学毕业生到基层培养锻炼考试题（网友回忆版）,人文常识,2166113,B,1,现代公务员制度的基础是选任制。 - （选项）[]
常识判断,2018,天津,天津市选调2018年应届优秀大学毕业生到基层培养锻炼考试题（网友回忆版）,人文常识,2166123,A,1,2018年2月28日，雄安新区首个重大交通项目——北京至雄安城际铁路正式开工建设。 - （选项）[]
常识判断,2018,天津,天津市选调2018年应届优秀大学毕业生到基层培养锻炼考试题（网友回忆版）,法律常识,2166120,B,1,《导游管理办法》于2018年2月1正式施行。 - （选项）[]
常识判断,2018,天津,天津市选调2018年应届优秀大学毕业生到基层培养锻炼考试题（网友回忆版）,人文常识,2166109,B,1,使用价值是凝结在商品中的无差别的一般人类劳动商品。 - （选项）[]
常识判断,2017,天津,2017年天津市选调生选拔考试 综合知识试卷（精选）,科技常识,4756765,B,1,现在常用的发射卫星（飞船）的火箭燃料要体积小，重量轻，但发出的热量要大，这样才能减轻火箭的重量。因此，发射卫星（飞船）的火箭大都采用气体燃料。 - （选项）[]
常识判断,2017,天津,2017年天津市选调生选拔考试 综合知识试卷（精选）,人文常识,2261692,B,1,党的最高理想和最终目标是社会主义替代资本主义。 - （选项）[]
常识判断,2017,天津,2017年天津市选调生选拔考试 综合知识试卷（精选）,人文常识,4756761,A,1,个人权利是组织所授予的、为履行职能的需要而具有的影响和改变他人心理和行为的能力。 - （选项）[]
常识判断,2017,天津,2017年天津市选调生选拔考试 综合知识试卷（精选）,法律常识,4756745,A,1,法的制定一般也称为法律的立、改、废活动。 - （选项）[]
常识判断,2017,天津,2017年天津市选调生选拔考试 综合知识试卷（精选）,人文常识,4756770,B,1,资本主义社会的发展大体可分为两个阶段，即资本原始积累阶段和自由竞争资本主义阶段。 - （选项）[]
常识判断,2017,天津,2017年天津市选调生选拔考试 综合知识试卷（精选）,人文常识,4756727,A,1,人们认识自然规律的目的在于利用经济规律能动地改造世界。 - （选项）[]
常识判断,2017,天津,2017年天津市选调生选拔考试 综合知识试卷（精选）,人文常识,2261691,A,1,现阶段个人消费品分配方式多样化是由所有制实现形式的多样性决定的。 - （选项）[]
常识判断,2017,天津,2017年天津市选调生选拔考试 综合知识试卷（精选）,科技常识,4756772,A,1,LED是light Emitting Diode（发光二极管）的缩写，是一种能够将电能转化为可见光的固态的半导体器件，它可以直接把电转化为光。 - （选项）[]
常识判断,2017,天津,2017年天津市选调生选拔考试 综合知识试卷（精选）,人文常识,4756768,B,1,联合国教科文组织保护非物质文化遗产政府间委员会第11届常会2016年11月30日通过审议，批准中国申报的“十二生肖”列入联合国教科文组织人类非物质文化遗产代表作名录。 - （选项）[]
常识判断,2017,天津,2017年天津市选调生选拔考试 综合知识试卷（精选）,人文常识,4756777,B,1,通知对行文的限制非常严格，基本上是下行文，但也允许主送上级和不相隶属的机关。 - （选项）[]
常识判断,2017,天津,2017年天津市选调生选拔考试 综合知识试卷（精选）,人文常识,4756560,,1,绝对剩余价值是在各个资本家追求超额剩余价值的过程中实现的。 - （选项）[]
常识判断,2017,天津,2017年天津市选调生选拔考试 综合知识试卷（精选）,人文常识,4756812,B,1,社会主义民主的本质是全体公民都享有参政议政的权利。 - （选项）[]
常识判断,2017,天津,2017年天津市选调生选拔考试 综合知识试卷（精选）,人文常识,4756795,B,1,社会主义初级阶段是任何国家进入社会主义都会经历的起始阶段。 - （选项）[]
常识判断,2017,天津,2017年天津市选调生选拔考试 综合知识试卷（精选）,科技常识,4756760,A,1,杂种优势是生物界的普遍现象，利用杂种优势来提高农作物产量和品质是现代农业的主要成就之一。 - （选项）[]
常识判断,2017,天津,2017年天津市选调生选拔考试 综合知识试卷（精选）,人文常识,2261689,A,1,人们认识经济规律的目的在于利用经济规律能动地改造世界。 - （选项）[]
常识判断,2017,天津,2017年天津市选调生选拔考试 综合知识试卷（精选）,人文常识,2261690,B,1,人多地少、人均资源的相对短缺是本国经济实行对外开放的根本依据。 - （选项）[]
常识判断,2017,天津,2017年天津市选调生选拔考试 综合知识试卷（精选）,人文常识,4756787,B,1,行文规则是指国家有关部门制定的控制行文数量及行文方向的有关规定。 - （选项）[]
常识判断,2017,天津,2017年天津市选调生选拔考试 综合知识试卷（精选）,法律常识,4756751,B,1,公民因被限制人身自由而不能提起行政诉讼的，其近亲属可以用自己的名义起诉。 - （选项）[]
常识判断,2017,天津,2017年天津市选调生选拔考试 综合知识试卷（精选）,人文常识,4756753,A,1,公务员晋升职务，应当逐级晋升。特别优秀的或者工作特殊需要的，可以按照规定破格或者越一级晋升职务。 - （选项）[]
常识判断,2017,天津,2017年天津市选调生选拔考试 综合知识试卷（精选）,人文常识,4756766,A,1,京杭大运河是世界上里程最长、工程最大的古代运河。 - （选项）[]
常识判断,2017,天津,2017年天津市选调生选拔考试 综合知识试卷（精选）,经济常识,2261688,B,1,衡量社会生产力发展水平和发展状况的主要标志是科学技术。 - （选项）[]
常识判断,2017,天津,2017年天津市选调生选拔考试 综合知识试卷（精选）,人文常识,4756791,A,1,解放思想、实事求是贯穿于邓小平理论形成和发展的各个阶段。 - （选项）[]
常识判断,2017,天津,2017年天津市选调生选拔考试 综合知识试卷（精选）,人文常识,4756725,B,1,全心全意为人民服务是我们党执政兴国的第一要务。 - （选项）[]
常识判断,2017,天津,2017年天津市选调生选拔考试 综合知识试卷（精选）,法律常识,4756738,A,1,对当事人的同一违法行为，不得给予两次以上罚款的行政处罚。 - （选项）[]
常识判断,2017,天津,2017年天津市选调生选拔考试 综合知识试卷（精选）,人文常识,4756774,A,1,公文处理中的分办实质是为公文确定运转方向。 - （选项）[]
常识判断,2016,天津,2016年天津选调生选拔考试 综合知识试卷（精选）,人文常识,2263100,B,1,我国社会主义建设发展战略的出发点和归宿点是实现现代化。（ ） - （选项）[]
常识判断,2016,天津,2016年天津选调生选拔考试 综合知识试卷（精选）,人文常识,2263102,B,1,“非领导职务层次在厅局级以下设置”，这意味着所有非领导职务的职务层次上限都要达到厅局级。（ ） - （选项）[]
常识判断,2016,天津,2016年天津选调生选拔考试 综合知识试卷（精选）,人文常识,2263101,A,1,在社会主义社会，国家、集体和个人的利益在根本上是一致的。（ ） - （选项）[]
常识判断,2016,天津,2016年天津选调生选拔考试 综合知识试卷（精选）,人文常识,2263081,A,1,国有企业改革是整个经济体制改革的中心环节。（ ） - （选项）[]
常识判断,2016,天津,2016年天津选调生选拔考试 综合知识试卷（精选）,人文常识,2263099,B,1,邓小平理论形成的契机是借鉴其他社会主义国家兴衰成败的历史经验。（ ） - （选项）[]
常识判断,2016,天津,2016年天津选调生选拔考试 综合知识试卷（精选）,法律常识,2263088,B,1,行政机关做出的准予行政许可决定，不应当予以公开，公众无权查阅。（ ） - （选项）[]
常识判断,2016,天津,2016年天津选调生选拔考试 综合知识试卷（精选）,人文常识,2263082,B,1,显著的变化就是质变。（ ） - （选项）[]
常识判断,2016,天津,2016年天津选调生选拔考试 综合知识试卷（精选）,人文常识,2263078,A,1,人类社会是特殊的物质运动形态。（ ） - （选项）[]
常识判断,2016,天津,2016年天津选调生选拔考试 综合知识试卷（精选）,人文常识,2263079,B,1,真理的内容是客观的，所以客观的事物即真理。（ ） - （选项）[]
常识判断,2016,天津,2016年天津选调生选拔考试 综合知识试卷（精选）,法律常识,2263090,B,1,依法取得的行政许可，一律不得转让。（ ） - （选项）[]
常识判断,2016,天津,2016年天津选调生选拔考试 综合知识试卷（精选）,人文常识,2263097,A,1,中共八大关于政治报告的决议指出：我们国内的主要矛盾是人民对建立先进的工业国的要求同落后的农业国的现实之间的矛盾，人民对于经济文化迅速发展的要求同当前经济文化不能满足人民需要的状况之间的矛盾。（ ） - （选项）[]
常识判断,2016,天津,2016年天津选调生选拔考试 综合知识试卷（精选）,人文常识,2263111,B,1,党的十八大报告指出，初次分配和再分配都要兼顾效率和公平，再分配更加注重效率。（ ） - （选项）[]
常识判断,2016,天津,2016年天津选调生选拔考试 综合知识试卷（精选）,人文常识,2263110,A,1,请示在未获批准之前不能抄送给下级机关。（ ） - （选项）[]
常识判断,2016,天津,2016年天津选调生选拔考试 综合知识试卷（精选）,人文常识,2263094,B,1,标志我国进入社会主义初级阶段的重大事件是中共十一届三中全会的召开。（ ） - （选项）[]
常识判断,2016,天津,2016年天津选调生选拔考试 综合知识试卷（精选）,人文常识,2263107,B,1,A处长就B局长询问就近安置的军转干部工作生活情况一事撰写了一份报告给予答复，顺便在报告中将近期的几项工作情况一并反映上去。（ ） - （选项）[]
常识判断,2016,天津,2016年天津选调生选拔考试 综合知识试卷（精选）,人文常识,2263076,B,1,斗争本身就是发展。（ ） - （选项）[]
常识判断,2016,天津,2016年天津选调生选拔考试 综合知识试卷（精选）,经济常识,2263084,B,1,扩张性财政政策是指政府支出小于财政收入的—种财政政策。这种财政政策的目的在于刺激需求的增加，具有抑制经济过热的功能。（ ） - （选项）[]
常识判断,2016,天津,2016年天津选调生选拔考试 综合知识试卷（精选）,人文常识,2263095,B,1,党的十五大载入史册的标志是提出社会主义初级阶段的基本纲领。（ ） - （选项）[]
常识判断,2016,天津,2016年天津选调生选拔考试 综合知识试卷（精选）,法律常识,2263104,A,1,公务员如果执行明显违法的决定或命令的，应当依法承担相应的责任。（ ） - （选项）[]
常识判断,2016,天津,2016年天津选调生选拔考试 综合知识试卷（精选）,人文常识,2263113,A,1,党的十八届四中全会指出，司法公正对社会公正具有重要引领作用。（ ） - （选项）[]
常识判断,2016,天津,2016年天津选调生选拔考试 综合知识试卷（精选）,法律常识,2263092,A,1,法院通过审判国家行政机关及其公务员的违法犯罪行为，来实现对国家行政管理活动的监督。（ ） - （选项）[]
常识判断,2016,天津,2016年天津选调生选拔考试 综合知识试卷（精选）,人文常识,2263074,B,1,哲学是科学的世界观和方法论。（ ） - （选项）[]
常识判断,2016,天津,2016年天津选调生选拔考试 综合知识试卷（精选）,人文常识,2263106,A,1,公务员集体的奖励适用于按照编制序列设置的机构或者为完成专项任务组成的工作集体。（ ） - （选项）[]
政治理论,2026,广东,2026年广东省公务员录用考试《行测》题（网友回忆版）,新思想,12019708,A,1,农业农村现代化关系中国式现代化全局和成色。（ ） - （选项）[]
政治理论,2026,广东,2026年广东省公务员录用考试《行测》题（网友回忆版）,马克思主义,12019713,B,1,生产关系是人类社会发展的根本动力，也是一切社会变迁和政治变革的终极原因。（ ） - （选项）[]
政治理论,2026,广东,2026年广东省公务员录用考试《行测》题（网友回忆版）,新思想,12019710,A,1,广东增创新优势、实现新突破，必须大力弘扬改革开放精神、特区精神，以全面深化改革开放推动高质量发展。（ ） - （选项）[]
政治理论,2026,广东,2026年广东省公务员录用考试《行测》题（网友回忆版）,新思想,12019709,A,1,现代化产业体系是中国式现代化的物质技术基础。（ ） - （选项）[]
政治理论,2025,广东,2025年广东省公务员录用考试《行测》题（网友回忆版）,新思想,12881938,B,1,科学性是马克思主义理论区别于其他理论的根本特征。（ ） - （选项）[]
政治理论,2025,广东,2025年广东省公务员录用考试《行测》题（网友回忆版）,马克思主义,12881929,A,1,习近平文化思想是坚持“两个结合”、推进马克思主义文化理论创新的重大成果，其中“第二个结合”是指把马克思主义基本原理同中华优秀传统文化相结合。（ ） - （选项）[]
政治理论,2025,广东,2025年广东省公务员录用考试《行测》题（网友回忆版）,新思想,12881934,A,1,科技创新能够催生新产业、新模式、新动能，是发展新质生产力的核心要素。（ ） - （选项）[]
政治理论,2025,广东,2025年广东省公务员录用考试《行测》题（网友回忆版）,新思想,12881933,A,1,国家安全是中国式现代化行稳致远的重要基础。（ ） - （选项）[]
政治理论,2024,广东,2024年广东省公务员录用考试《行测》题（网友回忆版）,新思想,10204426,A,1,党确立习近平同志党中央的核心、全党的核心地位，确立习近平新时代中国特色社会主义思想的指导地位，反映了全党全军全国各族人民的共同心愿。 - （选项）[]
政治理论,2024,广东,2024年广东省公务员录用考试《行测》题（网友回忆版）,新思想,10204419,A,1,中国特色社会主义制度的最大优势是中国共产党领导。 - （选项）[]
政治理论,2019,河北,河北省2019年度定向招录选调生考试《基本素质和能力测试》题,新思想,2343340,A,1,从一般特征看，社会主义市场经济体制和资本主义市场经济体制并无根本区别。 - （选项）[]
政治理论,2019,河北,河北省2019年度定向招录选调生考试《基本素质和能力测试》题,新思想,2343343,B,1,全面发展经济、全面可持续发展是中国特色社会主义的本质要求和重要保障。 - （选项）[]
政治理论,2019,河北,河北省2019年度定向招录选调生考试《基本素质和能力测试》题,新思想,2343327,A,1,全党必须坚决反对“四风”，即形式主义、官僚主义、享乐主义和奢靡之风。 - （选项）[]
政治理论,2017,天津,2017年天津市选调生选拔考试 综合知识试卷（精选）,时事政治,4756759,A,1,2017年1月17日，国家主席习近平出席世界经济论坛2017年年会开幕式，发表题为《共担时代责任 共促全球发展》的主旨演讲。 - （选项）[]
政治理论,2016,天津,2016年天津选调生选拔考试 综合知识试卷（精选）,新思想,2263108,A,1,中国共产党在抗日战争时期实行的土地政策是减租减息。（ ） - （选项）[]
政治理论,2016,天津,2016年天津选调生选拔考试 综合知识试卷（精选）,新思想,2263086,B,1,2015年9月3日，习近平总书记在纪念中国人民抗日战争暨世界反法西斯战争胜利70周年大会上的讲话中宣布：中国将裁减军队员额50万。（ ） - （选项）[]
数量关系,2019,河北,河北省2019年度定向招录选调生考试《基本素质和能力测试》题,数学运算,2343329,B,1,从经济学角度看，任何一种商品的价格都是由成本和利润两个因素共同决定的。 - （选项）[]
言语理解与表达,2019,河北,河北省2019年度定向招录选调生考试《基本素质和能力测试》题,逻辑填空,2343330,A,1,坚决惩治和有效预防腐败，关系人心向背和党的生死存亡，是重大政治任务。 - （选项）[]
言语理解与表达,2019,河北,河北省2019年度定向招录选调生考试《基本素质和能力测试》题,逻辑填空,2343342,A,1,党的作风建设主要包括思想作风、学风、工作作风、领导作风和干部生活作风建设。 - （选项）[]
言语理解与表达,2019,河北,河北省2019年度定向招录选调生考试《基本素质和能力测试》题,片段阅读,2343344,B,1,公务员因工作需要在机关外兼职，应当经有关机关批准，可以领取兼职报酬。 - （选项）[]
言语理解与表达,2019,河北,河北省2019年度定向招录选调生考试《基本素质和能力测试》题,逻辑填空,2343346,A,1,公务员因违纪违法受到的处分分为：警告、记过、记大过、降级、撤职、开除。 - （选项）[]
言语理解与表达,2019,河北,河北省2019年度定向招录选调生考试《基本素质和能力测试》题,逻辑填空,2343337,A,1,党的纪律包括政治纪律、组织纪律、廉洁纪律、群众纪律、工作纪律和生活纪律。 - （选项）[]
言语理解与表达,2019,河北,河北省2019年度定向招录选调生考试《基本素质和能力测试》题,逻辑填空,2343338,B,1,雾霾，顾名思义是雾和霾，加重雾霾天气污染的罪魁祸首是PM2.5。 - （选项）[]
言语理解与表达,2018,天津,天津市选调2018年应届优秀大学毕业生到基层培养锻炼考试题（网友回忆版）,逻辑填空,2166126,B,1,上海海关拟招录8名公务员，上海市公务员局组织了这次招录工作。 - （选项）[]
言语理解与表达,2018,天津,天津市选调2018年应届优秀大学毕业生到基层培养锻炼考试题（网友回忆版）,逻辑填空,2166125,B,1,资本主义生产过程是劳动过程与价值形成过程的统一。 - （选项）[]
言语理解与表达,2018,天津,天津市选调2018年应届优秀大学毕业生到基层培养锻炼考试题（网友回忆版）,逻辑填空,2166127,B,1,民事诉讼程序规定，在法院执行过程中，当事人不可以达成和解协议。 - （选项）[]
言语理解与表达,2017,天津,2017年天津市选调生选拔考试 综合知识试卷（精选）,逻辑填空,4756536,,1,运动、变化和发展是同等程度的概念，它们彼此无实质区别。 - （选项）[]
言语理解与表达,2017,天津,2017年天津市选调生选拔考试 综合知识试卷（精选）,逻辑填空,4756568,,1,简政放权就是政府把该放的权利放掉，让权力“放任自流”。 - （选项）[]
言语理解与表达,2017,天津,2017年天津市选调生选拔考试 综合知识试卷（精选）,逻辑填空,4756564,,1,某市国税局对该市一家企业做出罚款处罚，该企业不服，向市政府请求复议，市政府予以受理并作出复议决定。 - （选项）[]
